<?xml version="1.0" encoding="UTF-8" standalone="yes"?>
<addon id="repository.gknwiz" name="GRwizard Repository" version="1.0.1" provider-name="GRecoTM">
    <extension point="xbmc.addon.repository" name="GRwizard Repository">
        <dir minversion="15.0.0" maxversion="18.9.9">
            <info compressed="false">https://gknwizard.eu/repo/wizard/addons.xml</info>
            <checksum>https://gknwizard.eu/repo/wizard/addons.xml.md5</checksum>
            <datadir zip="true">https://gknwizard.eu/repo/wizard/</datadir>
        </dir>
        <dir minversion="18.9.9">
            <info compressed="false">https://gknwizard.eu/repo/wizard/matrix/addons.xml</info>
            <checksum>https://gknwizard.eu/repo/wizard/matrix/addons.xml.md5</checksum>
            <datadir zip="true">https://gknwizard.eu/repo/wizard/matrix/</datadir>
        </dir>
    </extension>
    <extension point="xbmc.addon.metadata">
        <summary>GRwizard Repository</summary>
        <description>GRwizard Repository</description>
        <platform>all</platform>
        <assets>
            <icon>icon.png</icon>
            <fanart>fanart.jpg</fanart>
        </assets>
    </extension>
</addon>

