<?xml version="1.0" encoding="UTF-8" standalone="yes"?>
  <addon 
  id="repository.robinhood.wizard" 
  name="[B][COLOR chartreuse]Repository[B][COLOR white] RobinHood[B][COLOR chartreuse] Wizard[/B][/COLOR]" 
  version="20.00" 
  provider-name="Robin Hood">
  <requires>
    <import addon="xbmc.addon" version="12.0.0"/>  
  </requires>
  <extension point="xbmc.addon.repository" name="[B][COLOR chartreuse]RobinHood[B][COLOR white] Wizard Repository[/B][/COLOR]">
      <dir>
      <info compressed="true">https://robinhoodtv.com/_repo/addons.xml</info>
      <checksum>https://robinhoodtv.com/_repo/addons.xml.md5</checksum>
      <datadir zip="true">https://robinhoodtv.com/_repo/</datadir>
      <hashes>false</hashes>
  </dir>
  <dir minversion="19.9.9">
      <info compressed="true">https://robinhoodtv.com/_repo/addons.xml</info>
      <checksum>https://robinhoodtv.com/_repo/addons.xml.md5</checksum>
      <datadir zip="true">https://robinhoodtv.com/_repo/</datadir>
      <hashes>false</hashes>
  </dir>   
  </extension>
  <extension point="xbmc.addon.metadata">
    <summary>Repository Robin Hood Wizard</summary>
    <description>Welcome to the New and Improved Robin Hood Wizard for all your Community Builds.</description>
    <disclaimer></disclaimer>
    <platform>all</platform>
    <assets>
      <icon>icon.png</icon>
      <fanart>fanart.jpg</fanart>
    </assets>
  </extension>
</addon>
