<addon id="repository.thegroove" name="[COLOR khaki][B] Thegroove Repository[/COLOR][/B]" version="1.2a" provider-name="Thegroove360">
	<extension point="xbmc.addon.repository" name="Thegroove360 Repository">
			<dir>
				<info compressed="false">https://thegroove360.tk/zip/addon.xml</info>
				<checksum>https://thegroove360.tk/zip/addons.xml.md5</checksum>
				<datadir zip="true">https://thegroove360.tk/zip/</datadir>
			</dir>
	</extension>
	<extension point="xbmc.addon.metadata">
		<summary>Thegroove 360 Official Repository</summary>
		<description>Repository ufficiale di Thegroove 360</description>
<news>
1.2
cambio host 
1.1
--- Host Repository
1.0
-- Decentralinizzata repository

</news>
		<platform>all</platform>
	</extension>
</addon>
