<?xml version="1.0" encoding="UTF-8" standalone="yes"?>
<addon id="repository.persia" name="ParsiLand Repo" version="1.0.10" provider-name="FTABoy">
	<extension point="xbmc.addon.repository" name="Persia repo">
		<dir minversion="19.0.0">
			<info compressed="true">http://repo.parsiland.net/addons.xml</info>
			<checksum>http://repo.parsiland.net/addons.xml.md5</checksum>
			<datadir zip="true">http://repo.parsiland.net/</datadir>
		</dir>
	</extension>
	<extension point="xbmc.addon.metadata">
		<summary>The Official ParsiLand Repository</summary>
		<description>This repository contains addons created by Zero One.</description>
		<disclaimer>The owners and submitters to this repository do not host or distribute any of the content displayed by these addons nor do they have any affiliation with the content providers.</disclaimer>
		<platform>all</platform>
		<assets>
			<icon>icon.png</icon>
			<fanart>fanart.jpg</fanart>
		</assets>
	</extension>
</addon>