<?xml version="1.0" encoding="UTF-8" standalone="yes"?>
<addon id="repository.enclaveaddonmakers" name="Enclave Addon Maker" provider-name="Enclave" version="1.0.1">
  <extension point="xbmc.addon.repository" name="Enclave Addon Maker Repository">
    <dir>
      <info compressed="false">https://raw.githubusercontent.com/Gujal00/smrzips/master/addons.xml</info>
      <checksum>https://raw.githubusercontent.com/Gujal00/smrzips/master/addons.xml.md5</checksum>
      <datadir zip="true">https://raw.githubusercontent.com/Gujal00/smrzips/master/zips/</datadir>
    </dir>
    <dir minversion="16.0.0" maxversion="18.9.9">
      <info compressed="false">https://enclave.ratpack.appboxes.co/Enclave%20Addon%20Creator/leia/zips/addons.xml</info>
      <checksum>https://enclave.ratpack.appboxes.co/Enclave%20Addon%20Creator/leia/zips/addons.xml.md5</checksum>
      <datadir zip="true">https://enclave.ratpack.appboxes.co/Enclave%20Addon%20Creator/leia/zips/</datadir>
	</dir>
    <dir minversion="18.9.9">
		<info compressed="false">https://enclave.ratpack.appboxes.co/Enclave%20Addon%20Creator/matrix/zips/addons.xml</info>
		<checksum>https://enclave.ratpack.appboxes.co/Enclave%20Addon%20Creator/matrix/zips/addons.xml.md5</checksum>
		<datadir zip="true">https://enclave.ratpack.appboxes.co/Enclave%20Addon%20Creator/matrix/zips/</datadir>
	</dir>
  </extension>
  <extension point="xbmc.addon.metadata">
    <platform>all</platform>
    <description lang="en_GB">Join Us Or Die</description>
    <license></license>
    <language></language>
    <website></website>
    <news></news>
    <assets>
      <icon>icon.png</icon>
      <fanart>fanart.jpg</fanart>
    </assets> 
  </extension>
</addon>