<?xml version="1.0" encoding="UTF-8" standalone="yes"?>
<addon id="repository.majide"
		name="Majide Add-on repository"
		version="0.20.8"
		provider-name="Majide">
	<extension point="xbmc.addon.repository" name="Majide Add-on repository">
		<!-- Kodi 19 Matrix -->
		<dir minversion="18.90.0" maxversion="19.89.999">
			<info compressed="false">https://andromeda.eu.org/addons/matrix/addons.xml</info>
			<checksum verify="sha256">https://andromeda.eu.org/addons/matrix/addons.sha256</checksum>
			<datadir zip="true">https://andromeda.eu.org/addons/matrix</datadir>
			<artdir>https://andromeda.eu.org/addons/matrix</artdir>
			<hashes>sha256</hashes>
		</dir>
		<!-- Kodi 20 Nexus -->
		<dir minversion="19.90.0" maxversion="20.89.999">
			<info compressed="false">https://andromeda.eu.org/addons/nexus/addons.xml</info>
			<checksum verify="sha256">https://andromeda.eu.org/addons/nexus/addons.sha256</checksum>
			<datadir zip="true">https://andromeda.eu.org/addons/nexus</datadir>
			<artdir>https://andromeda.eu.org/addons/nexus</artdir>
			<hashes>sha256</hashes>
		</dir>
		<!-- Kodi 21 Omega -->
		<dir minversion="20.90.0" maxversion="21.89.999">
			<info compressed="false">https://andromeda.eu.org/addons/omega/addons.xml</info>
			<checksum verify="sha256">https://andromeda.eu.org/addons/omega/addons.sha256</checksum>
			<datadir zip="true">https://andromeda.eu.org/addons/omega</datadir>
			<artdir>https://andromeda.eu.org/addons/omega</artdir>
			<hashes>sha256</hashes>
		</dir>
		<!-- https://github.com/Gujal00/ResolveURL -->
		<dir>
			<info compressed="false">https://raw.githubusercontent.com/Gujal00/smrzips/master/addons.xml</info>
			<checksum>https://raw.githubusercontent.com/Gujal00/smrzips/master/addons.xml.md5</checksum>
			<datadir zip="true">https://raw.githubusercontent.com/Gujal00/smrzips/master/zips/</datadir>
		</dir>
	</extension>
	<extension point="xbmc.addon.metadata">
		<summary lang="bg_BG">Инсталира добавки на Majide</summary>
		<summary lang="en_US">Install Add-ons of Majide</summary>
		<description lang="bg_BG">Сваля и инсталира добавки от неофициалното хранилище на Majide.</description>
		<description lang="en_US">Download and install add-ons from unofficial repository of Majide.</description>
		<disclaimer lang="bg_BG">Majide не е автор на всички добавки в хранилището и не носи отговорност за съдържанието им и ефекта от инсталирането им във вашето устройство!</disclaimer>
		<disclaimer lang="en_US">Majide did not make all the add-ons in this repository and is not responsible for their content and effect of installing them on your device!</disclaimer>
		<platform>all</platform>
		<assets>
			<icon>resources/icon.png</icon>
			<fanart>resources/fanart.jpg</fanart>
		</assets>
	</extension>
</addon>
