<?xml version="1.0" encoding="UTF-8"?>
    <addon id="repository.turkvod" name="TURKvod repository" version="2.2.2a" provider-name="TURKvod TeaM">
	<extension point="xbmc.addon.repository" name="TURKvod repository">
			<dir>
				<info compressed="false">http://repo.turkvod.site/addons.xml</info>
				<checksum>http://repo.turkvod.site/addons.xml.md5</checksum>
				<datadir zip="true">http://repo.turkvod.site/</datadir>
			</dir>
	</extension>
        <extension point="xbmc.addon.metadata">
            <summary>Based on enigma2 plugin TURKvod. Support: www.turk-dreamworld.com</summary>
            <description>Based on enigma2 plugin TURKvod. Support: www.turk-dreamworld.com</description>
            <platform>all</platform>
    </extension>
</addon>