<?xml version="1.0" encoding="UTF-8" standalone="yes"?>
<addon id="repository.diamondrepo" name="Diamond Repo" version="1.0.0" provider-name="Diamond Build">
    <extension point="xbmc.addon.repository"
               name="Diamond Repo">
        <dir>
            <info>https://uck.st/myrepo/addons.xml</info>
            <checksum>https://uck.st/myrepo/addons.xml.md5</checksum>
            <datadir zip="true">https://uck.st/myrepo</datadir>
        </dir>
    </extension>
    <extension point="xbmc.addon.metadata">
        <summary>Kodi add-ons repository</summary>
        <description>Auto-generated by Kodi’s Little Helper</description>
        <platform>all</platform>
        <assets>
            <icon>icon.png</icon>
            <fanart>fanart.jpg</fanart>    
        </assets>
    </extension>
</addon>
