<?xml version="1.0" encoding="UTF-8" standalone="yes"?>
<addon id="repository.anxdpanic" name="anxdpanic Add-on Repository" version="2.0.4+matrix.1" provider-name="anxdpanic">
    <requires>
        <import addon="xbmc.python" version="3.0.0"/>
    </requires>
	<extension point="xbmc.addon.repository" name="anxdpanic Add-on Repository">
        <dir maxversion="18.9.0">
            <info compressed="false">https://download.osmc.tv/dev/anxdpanic/kodi/anxdpanic/python2/addons.xml</info>
            <checksum>https://download.osmc.tv/dev/anxdpanic/kodi/anxdpanic/python2/addons.xml.md5</checksum>
            <datadir zip="true">https://download.osmc.tv/dev/anxdpanic/kodi/anxdpanic/python2/zips/</datadir>
            <hashes>false</hashes>
        </dir>
        <dir minversion="19.0.0">
            <info compressed="false">https://download.osmc.tv/dev/anxdpanic/kodi/anxdpanic/python3/addons.xml</info>
            <checksum>https://download.osmc.tv/dev/anxdpanic/kodi/anxdpanic/python3/addons.xml.md5</checksum>
            <datadir zip="true">https://download.osmc.tv/dev/anxdpanic/kodi/anxdpanic/python3/zips/</datadir>
            <hashes>false</hashes>           
        </dir>
	</extension>
	<extension point="xbmc.addon.metadata">
		<summary>Install add-ons from anxdpanic's repository.</summary>
		<description>Install add-ons from anxdpanic's repository.</description>
		<platform>all</platform>
        <assets>
			<icon>icon.png</icon>
        </assets>
	</extension>
</addon>