<?xml version="1.0" encoding="UTF-8" standalone="yes"?>
<addon id="repository.theblackghost"
       name="Black Ghost Repo"
       version="0.0.7"
       provider-name="BlackGhost">

    <requires>
        <!-- Obligatorio para Kodi 19+ (Python 3) -->
        <import addon="xbmc.python" version="3.0.0"/>
    </requires>

    <extension point="xbmc.addon.repository" name="theblackghost">
        <dir>
            <info compressed="false">https://site27.xyz/repo/addons.xml</info>
            <checksum>https://site27.xyz/repo/addons.xml.md5</checksum>
            <datadir zip="true">https://site27.xyz/repo/</datadir>
        </dir>
    </extension>

    <extension point="xbmc.addon.metadata">
        <platform>all</platform>
        <summary>Black all Black Ghost</summary>
        <description lang="en_GB">Black Ghost REPO</description>
        <description lang="es_ES">Black Ghost Repositorio</description>
        <license></license>
        <language></language>
        <website></website>
        <news></news>
        <assets>
            <icon>icon.png</icon>
            <fanart>fanart.jpg</fanart>
        </assets>
    </extension>
</addon>

