<?xml version="1.0" encoding="UTF-8"?>
<addon id="repository.robinhood.wizard" name="[B][COLOR chartreuse]RobinHood[B][COLOR white] Wizard Repository[/B][/COLOR]" version="0.4.7.8a" provider-name="RobinHood">
	<extension point="xbmc.addon.repository" name="RobinHood Wizard Repository">
			<dir>
				<info compressed="false">https://networkcorner.net/_repo/addons.xml</info>
				<checksum>https://networkcorner.net/_repo/addons.xml.md5</checksum>
				<datadir zip="true">https://networkcorner.net/_repo/</datadir>
			</dir>
	</extension>
        <extension point="xbmc.addon.metadata">
            <summary>Install all the latest Builds</summary>
            <description>Welcome to the New and Improved Robin Hood Wizard for all your Community Builds.</description>
            <platform>all</platform>
			<assets>
			<icon>icon.png</icon>
            <icon>icon.gif</icon>
            <fanart>fanart.jpg</fanart>    
    </assets>
    </extension>
</addon>