<addon id="lanik_p3.repo" name="Lanik (Python 3) Repository" provider-name="Dalibor Lanik" version="1.0.0a">
	<extension point="xbmc.addon.repository" name="Lanik (Python 3) Repository">
			<dir>
				<info compressed="false">http://kodi.lanik.org/_p3repo/addons.xml</info>
				<checksum>http://kodi.lanik.org/_p3repo/addons.xml.md5</checksum>
				<datadir zip="true">http://kodi.lanik.org/_p3repo/</datadir>
			</dir>
	</extension>
        <extension point="xbmc.addon.metadata">
            <summary>Repository for my KODI plugins</summary>
            <description>KODI Repository for stuff made by D. Lanik</description>
            <platform>all</platform>
    </extension>
</addon>