<?xml version="1.0" encoding="UTF-8"?>
    <addon id="repository.turkvod" name="TURKvod repository" version="3.0.1" provider-name="BerkEnkey">
        <requires>
            <import addon="xbmc.addon" version="12.0.0"/>
        </requires>
        <extension point="xbmc.addon.repository" name="TURKvod repository">
		    <dir>
                <info compressed="false">https://turkvod.com.tr/addons.xml</info>
                <checksum>https://turkvod.com.tr/addons.xml.md5</checksum>
                <datadir zip="true">https://turkvod.com.tr/</datadir>
                <hashes>false</hashes>
		    </dir>
        </extension>
        <extension point="xbmc.addon.metadata">
            <summary>Based on enigma2 plugin TURKvod. Support: www.turk-dreamworld.com</summary>
            <description>Based on enigma2 plugin TURKvod. Support: www.turk-dreamworld.com</description>
            <platform>all</platform>
    </extension>
</addon>