<?xml version="1.0" encoding="UTF-8" standalone="yes"?>
<addon id="repository.hsk.crew.repo" name="[COLOR blue]HSK[/COLOR] CREW Repository" version="1.0.9" provider-name="Loki1979|HSK-DE">
    <extension point="xbmc.addon.repository" name="HSK CREW Repository">
	   <dir>
		<info compressed="false">https://hsk.kodiman.net/hsk/hsk_privat/hsk.crew.repo/addons.xml</info>
		<checksum>https://hsk.kodiman.net/hsk/hsk_privat/hsk.crew.repo/addons.xml.md5</checksum>
		<datadir zip="true">https://hsk.kodiman.net/hsk/hsk_privat/hsk.crew.repo</datadir>
		<hashes>false</hashes>
	   </dir>
	   <dir minversion="20.0.0">
		<info compressed="false">https://hsk.kodiman.net/hsk/hsk_privat/hsk.crew.repo/addons.xml</info>
		<checksum>https://hsk.kodiman.net/hsk/hsk_privat/hsk.crew.repo/addons.xml.md5</checksum>
		<datadir zip="true">https://hsk.kodiman.net/hsk/hsk_privat/hsk.crew.repo</datadir>
		<hashes>false</hashes>
	   </dir>
	</extension>
    <extension point="xbmc.addon.metadata">
        <summary lang="en_GB">[COLORdeepskyblue]HSK[/COLOR] Crew Repository </summary>
		<summary lang="de_DE">[COLORdeepskyblue]HSK[/COLOR] Crew Repository </summary>
        <description lang="en_GB">Download and install addons from the KODI HSK Crew Repository[CR][CR]Contact + support:[CR][COLORblue]https://www.facebook.com/groups/hskde[/COLOR][CR]Donation:[CR][COLORblue]https://ko-fi.com/kodimanhimself/goal?g=0[/COLOR]</description>
		<description lang="de_DE">Downloade und installiere Addons aus dem KODI HSK Crew Repository[CR][CR]Kontakt + Support:[CR][COLORblue]https://www.facebook.com/groups/hskde[/COLOR][CR]Spenden-Link:[CR][COLORblue]https://ko-fi.com/kodimanhimself/goal?g=0[/COLOR]</description>
        <platform>all</platform>
	<license></license>
	<forum></forum>
	<website></website>
	<email></email>
	<source></source>
	<news></news>
    <assets>
		<icon>resources/icon.png</icon>
		<fanart>resources/fanart.jpg</fanart>
		<banner></banner>
		<clearlogo></clearlogo>
		<screenshot></screenshot>
	</assets>
    </extension>
</addon>