<?xml version="1.0" encoding="UTF-8" standalone="yes"?>
<addon id="repository.superservidorbrazuca" name="[B][COLOR green]**** Super Servido[/COLOR][COLOR yellow]r Brasileiro ****[/COLOR][/B]" version="6.7" provider-name="Kodish Team">
	<extension point="xbmc.addon.repository" name="Super Servidor Brasileiro">
	<dir>
		<info compressed="false">https://raw.github.com/skyrisk/brazucaplay/master/addons/repo/addons_matrix.xml</info>
		<checksum>https://raw.github.com/skyrisk/brazucaplay/master/addons/repo/addons_matrix.xml.md5</checksum>
		<datadir zip="true">https://raw.github.com/skyrisk/brazucaplay/master/addons/repo/Plugins/</datadir>
		<hashes>false</hashes>
	</dir>
	<dir>
		<info compressed="false">https://raw.githubusercontent.com/Gujal00/smrzips/master/addons.xml</info>
		<checksum>https://raw.githubusercontent.com/Gujal00/smrzips/master/addons.xml.md5</checksum>
		<datadir zip="true">https://raw.githubusercontent.com/Gujal00/smrzips/master/zips/</datadir>
		<hashes>false</hashes>
	</dir>
  		<dir minversion="17.0.0" maxversion="18.9.0">
			<info compressed="false">https://repository.oneplayhd.com/leia/addons.xml</info>
			<checksum>https://repository.oneplayhd.com/leia/addons.xml.md5</checksum>
			<datadir zip="true">https://repository.oneplayhd.com/leia</datadir>
			<hashes>false</hashes>
    	</dir>

  		<dir minversion="18.9.1">
			<info compressed="false">https://repository.oneplayhd.com/matrix/addons.xml</info>
			<checksum>https://repository.oneplayhd.com/matrix/addons.xml.md5</checksum>
			<datadir zip="true">https://repository.oneplayhd.com/matrix</datadir>
			<hashes>false</hashes>
    	</dir>
	<dir>
        <info compressed="false">https://raw.githubusercontent.com/Kodi-vStream/venom-xbmc-addons/master/addons.xml</info>
        <checksum>https://raw.githubusercontent.com/Kodi-vStream/venom-xbmc-addons/master/addons.xml.md5</checksum>
        <datadir zip="true">https://github.com/Kodi-vStream/venom-xbmc-addons/raw/master/repo</datadir>
    	</dir>

    	<dir>
        <info compressed="false">https://raw.githubusercontent.com/Ovni-crea/seleniumzip/master/addons.xml</info>
        <checksum>https://raw.githubusercontent.com/Ovni-crea/seleniumzip/master/addons.xml.md5</checksum>
        <datadir zip="true">https://raw.githubusercontent.com/Ovni-crea/seleniumzip/master</datadir>
        </dir>

        <dir>
        <info compressed="false">https://raw.githubusercontent.com/Arias800/Fichier-divers/master/addon.xml</info>
        <checksum>https://raw.githubusercontent.com/Arias800/Fichier-divers/master/addons.xml.md5</checksum>
        <datadir zip="true">https://raw.githubusercontent.com/Arias800/script.module.dnspython/master</datadir>
        </dir>
	<dir>
		<info compressed="false">https://raw.githubusercontent.com/nemesis668/repository.streamarmy18-19/main/addons.xml</info>
		<checksum>http://raw.githubusercontent.com/nemesis668/repository.streamarmy18-19/main/addons.xml.md5</checksum>
		<datadir zip="true">http://raw.githubusercontent.com/nemesis668/repository.streamarmy18-19/main/zips/</datadir>
	</dir>
	<dir>
		<info compressed="false">https://raw.githubusercontent.com/Gujal00/smrzips/master/addons.xml</info>
		<checksum>https://raw.githubusercontent.com/Gujal00/smrzips/master/addons.xml.md5</checksum>
		<datadir zip="true">https://raw.githubusercontent.com/Gujal00/smrzips/master/zips/</datadir>
	</dir>
	<dir maxversion="18.8.9">
		<info compressed="false">https://raw.githubusercontent.com/nemesis668/repository.streamarmy/master/addons.xml</info>
		<checksum>http://raw.githubusercontent.com/nemesis668/repository.streamarmy/master/addons.xml.md5</checksum>
		<datadir zip="true">http://raw.githubusercontent.com/nemesis668/repository.streamarmy/master/zips/</datadir>
	</dir>
	<dir>
		<info compressed="false">https://raw.githubusercontent.com/kodishmediacenter/kodishcomplementos/main/andreguedes/addon.xml</info>
		<checksum>https://raw.githubusercontent.com/kodishmediacenter/kodishcomplementos/main/andreguedes/controle.txt</checksum>
		<datadir zip="true">https://raw.githubusercontent.com/kodishmediacenter/kodishcomplementos/main/andreguedes/install</datadir>
		<hashes>false</hashes>
	</dir>
	<dir>
		<info compressed="false">https://raw.githubusercontent.com/kodishmediacenter/kodishcomplementos/main/freedocs/addon.xml</info>
		<checksum>https://raw.githubusercontent.com/kodishmediacenter/kodishcomplementos/main/freedocs/controle.txt</checksum>
		<datadir zip="true">https://raw.githubusercontent.com/kodishmediacenter/kodishcomplementos/main/freedocs/install</datadir>
		<hashes>false</hashes>
	</dir>
		<dir>
		<info compressed="false">https://raw.githubusercontent.com/kodishmediacenter/kodishcomplementos/main/canalricos/addons.xml</info>
		<checksum>https://raw.githubusercontent.com/kodishmediacenter/kodishcomplementos/main/canalricos/addons.xml.md5</checksum>
		<datadir zip="true">https://raw.githubusercontent.com/kodishmediacenter/kodishcomplementos/main/canalricos/Install</datadir>
		<hashes>false</hashes>
	</dir>
	<dir>
		<info compressed="false">https://loopaddon.uk/zips19/addons.xml</info>
		<checksum>https://loopaddon.uk/zips19/addons.xml.md5</checksum>
		<datadir zip="true">https://loopaddon.uk/zips19/</datadir>
	</dir>
	<dir>
      <info compressed="false">https://raw.githubusercontent.com/Gujal00/smrzips/master/addons.xml</info>
      <checksum>https://raw.githubusercontent.com/Gujal00/smrzips/master/addons.xml.md5</checksum>
      <datadir zip="true">https://raw.githubusercontent.com/Gujal00/smrzips/master/zips/</datadir>
    </dir>
    	<dir minversion="18.9.0">
		    <info compressed="false">https://raw.githubusercontent.com/Masterwine/Luar/master/repor/addons.xml</info>
		    <checksum>https://raw.githubusercontent.com/Masterwine/Luar/master/repor/addons.xml.md5</checksum>
		    <datadir zip="true">https://raw.githubusercontent.com/Masterwine/Luar/master/repor/</datadir>
	    </dir>

    <dir>
			<info>https://raw.githubusercontent.com/cguZZman/repository.plugins/master/addons-info-matrix.xml</info>
			<checksum>https://raw.githubusercontent.com/cguZZman/repository.plugins/master/addons-info-matrix.xml.md5</checksum>
			<datadir zip="true">https://raw.githubusercontent.com/cguZZman/repository.plugins/master/matrix/</datadir>
	</dir>
	<dir>
			<info compressed="false">https://raw.githubusercontent.com/kodishmediacenter/correcao-repo/main/kodiloucos.xml</info>
			<checksum>https://raw.githubusercontent.com/kodishmediacenter/correcao-repo/main/kodiloucos.md5</checksum>
			<datadir zip="true">https://github.com/arrownegra/arrownegra.github.io/raw/main/nexus</datadir>
			<hashes>false</hashes>
    </dir>  
	<dir>
			<info compressed="false">https://raw.githubusercontent.com/kodishmediacenter/kodishcomplementos/main/elvis/addons.xml</info>
			<checksum>https://raw.githubusercontent.com/kodishmediacenter/kodishcomplementos/main/elvis/addons.xml.md5</checksum>
			<datadir zip="true">https://raw.githubusercontent.com/kodishmediacenter/kodishcomplementos/main/elvis/install</datadir>
			<hashes>false</hashes>
    </dir>
	<dir>
			<info compressed="false">https://raw.githubusercontent.com/kodishmediacenter/kodishcomplementos/main/two/addons.xml</info>
			<checksum>https://raw.githubusercontent.com/kodishmediacenter/kodishcomplementos/main/two/addons.xml.md5</checksum>
			<datadir zip="true">https://raw.githubusercontent.com/kodishmediacenter/kodishcomplementos/main/two/install</datadir>
			<hashes>false</hashes>
    </dir>  	
	<dir>
			<info compressed="false">https://WorldLiveTV.github.io/repo/addons.xml</info>
			<checksum>https://WorldLiveTV.github.io/repo/addons.xml.md5</checksum>
			<datadir zip="true">https://WorldLiveTV.github.io/repo/</datadir>
			<hashes>true</hashes>
	</dir>
	<dir>
	                <info compressed="false">https://raw.githubusercontent.com/dobbelina/repository.dobbelina/master/addons.xml</info>
			<checksum>https://raw.githubusercontent.com/dobbelina/repository.dobbelina/master/addons.xml.md5</checksum>
			<datadir zip="true">https://raw.githubusercontent.com/dobbelina/repository.dobbelina/master/</datadir>
	</dir>
	<dir>
	                <info compressed="false">https://raw.githubusercontent.com/kodishmediacenter/correcao-repo/main/kodish/addons.xml</info>
			<checksum>https://raw.githubusercontent.com/kodishmediacenter/correcao-repo/main/kodish/addons.xml.md5</checksum>
			<datadir zip="true">https://raw.githubusercontent.com/kodishmediacenter/correcao-repo/main/kodish/install/</datadir>
	</dir>
	<dir>
			<info compressed="false">https://raw.githubusercontent.com/BUILDTONYWARLLEY/2023/master/addons.xml</info>
			<checksum>https://raw.githubusercontent.com/BUILDTONYWARLLEY/2023/master/addons.xml.md5</checksum>
			<datadir zip="false">https://raw.githubusercontent.com/BUILDTONYWARLLEY/2023/master/install</datadir>
	</dir>  
      <dir>
      <info compressed="true">https://raw.github.com/Kodiloucosbr/kodiloucosbr.github.io/master/addons.xml</info>
      <checksum>https://raw.github.com/Kodiloucosbr/kodiloucosbr.github.io/master/addons.xml.md5</checksum>
      <datadir zip="true">https://raw.github.com/Kodiloucosbr/kodiloucosbr.github.io/master</datadir>
      <hashes>false</hashes>
  </dir>  
  <dir minversion="19.0.0">
      <info compressed="true">https://raw.github.com/Kodiloucosbr/kodiloucosbr.github.io/master/matrix/addons.xml</info>
      <checksum>https://raw.github.com/Kodiloucosbr/kodiloucosbr.github.io/master/matrix/addons.xml.md5</checksum>
      <datadir zip="true">https://raw.github.com/Kodiloucosbr/kodiloucosbr.github.io/master/matrix</datadir>
      <hashes>false</hashes>
  </dir>    
  <dir minversion="17.0.0" maxversion="18.9.0">
      <info compressed="true">https://raw.github.com/Kodiloucosbr/kodiloucosbr.github.io/master/leia/addons.xml</info>
      <checksum>https://raw.github.com/Kodiloucosbr/kodiloucosbr.github.io/master/leia/addons.xml.md5</checksum>
      <datadir zip="true">https://raw.github.com/Kodiloucosbr/kodiloucosbr.github.io/master/leia</datadir>
      <hashes>false</hashes>
  </dir>
  <dir minversion="16.0.0">
  <info compressed="false">https://raw.githubusercontent.com/frenchdj/repository.frenchdj/master/_repo/addons.xml</info>
  <checksum>https://raw.githubusercontent.com/frenchdj/repository.frenchdj/master/_repo/addons.xml.md5</checksum>
  <datadir zip="true">https://raw.githubusercontent.com/frenchdj/repository.frenchdj/master/_repo/</datadir>
  </dir>
	<dir>
		<info compressed="false">https://raw.githubusercontent.com/kodishmediacenter/kodishcomplementos/main/complementosold/addons.xml</info>
		<checksum>https://raw.githubusercontent.com/kodishmediacenter/kodishcomplementos/main/complementosold/addons.xml.md5</checksum>
		<datadir zip="true">https://raw.githubusercontent.com/kodishmediacenter/kodishcomplementos/main/complementosold/addons</datadir>
		<hashes>false</hashes>
	</dir>
	 <dir>
            <info compressed="false">https://raw.githubusercontent.com/addon-rajada/addon-rajada.github.io/main/zips/addons.xml</info>
            <checksum>https://raw.githubusercontent.com/addon-rajada/addon-rajada.github.io/main/zips/addons.xml.md5</checksum>
            <datadir zip="true">https://raw.githubusercontent.com/addon-rajada/addon-rajada.github.io/main/zips/</datadir>
    </dir>
		<dir>
			<info compressed="false">https://github.com/vikingskoditeam/vikingskoditeam.github.io/raw/master/addons.xml</info>
			<checksum>https://github.com/vikingskoditeam/vikingskoditeam.github.io/raw/master/addons.xml.md5</checksum>
			<datadir zip="true">https://github.com/vikingskoditeam/vikingskoditeam.github.io/raw/master</datadir>
			<hashes>false</hashes>
    </dir>
	
	<dir minversion="16.0.0" maxversion="18.9.0">
			<info compressed="false">https://github.com/vikingskoditeam/vikingskoditeam.github.io/raw/master/leia/addons.xml</info>
			<checksum>https://github.com/vikingskoditeam/vikingskoditeam.github.io/raw/master/leia/addons.xml.md5</checksum>
			<datadir zip="true">https://github.com/vikingskoditeam/vikingskoditeam.github.io/raw/master/leia</datadir>
			<hashes>false</hashes>
    </dir>
   
   <dir minversion="18.9.1">
			<info compressed="false">https://github.com/vikingskoditeam/vikingskoditeam.github.io/raw/master/matrix/addons.xml</info>
			<checksum>https://github.com/vikingskoditeam/vikingskoditeam.github.io/raw/master/matrix/addons.xml.md5</checksum>
			<datadir zip="true">https://github.com/vikingskoditeam/vikingskoditeam.github.io/raw/master/matrix</datadir>
			<hashes>false</hashes>
    </dir>
	<dir minversion="17.0.0" maxversion="18.9.0">
            <info compressed="false">https://raw.githubusercontent.com/RAPOSO-PAUL/TeamViannaREPO/master/LEIA/addons.xml</info>
            <checksum>https://raw.githubusercontent.com/RAPOSO-PAUL/TeamViannaREPO/master/LEIA/addons.xml.md5</checksum>
            <datadir zip="true">https://raw.githubusercontent.com/RAPOSO-PAUL/TeamViannaREPO/master/LEIA/</datadir>
    </dir>
    <dir minversion="19.0.0">
            <info compressed="false">https://raw.githubusercontent.com/RAPOSO-PAUL/TeamViannaREPO/master/MATRIX/addons.xml</info>
            <checksum>https://raw.githubusercontent.com/RAPOSO-PAUL/TeamViannaREPO/master/MATRIX/addons.xml.md5</checksum>
            <datadir zip="true">https://raw.githubusercontent.com/RAPOSO-PAUL/TeamViannaREPO/master/MATRIX/</datadir>
    </dir>
	<dir minversion="19.0.0">
            <info compressed="false">https://raw.githubusercontent.com/kodishmediacenter/kodishcomplementos/main/Gif.Peg.Tv/addons.xml</info>
            <checksum>https://raw.githubusercontent.com/kodishmediacenter/kodishcomplementos/main/Gif.Peg.Tv/addons.xml.md5</checksum>
            <datadir zip="true">https://raw.githubusercontent.com/kodishmediacenter/kodishcomplementos/main/Gif.Peg.Tv/addons</datadir>
    </dir>
	<dir minversion="19.0.0">
            <info compressed="false">https://raw.githubusercontent.com/kodishmediacenter/kodishcomplementos/main/Nyaa/addons.xml</info>
            <checksum>https://raw.githubusercontent.com/kodishmediacenter/kodishcomplementos/main/Nyaa/addons.xml.md5</checksum>
            <datadir zip="true">https://raw.githubusercontent.com/kodishmediacenter/kodishcomplementos/main/Nyaa/install</datadir>
    </dir>
	<dir minversion="19.0.0">
            <info compressed="false">https://raw.githubusercontent.com/kodishmediacenter/kodishcomplementos/main/formiga/addons.xml</info>
            <checksum>https://raw.githubusercontent.com/kodishmediacenter/kodishcomplementos/main/formiga/addons.xml.md5</checksum>
            <datadir zip="true">https://raw.githubusercontent.com/kodishmediacenter/kodishcomplementos/main/formiga/install</datadir>
    </dir>
	<dir minversion="19.0.0">
            <info compressed="false">https://raw.githubusercontent.com/kodishmediacenter/kodishcomplementos/main/Repositorio/addon.xml</info>
            <checksum>https://raw.githubusercontent.com/kodishmediacenter/kodishcomplementos/main/Repositorio/addon.xml.md5</checksum>
            <datadir zip="true">https://raw.githubusercontent.com/kodishmediacenter/kodishcomplementos/main/Repositorio/install</datadir>
    </dir>
	<dir minversion="19.0.0">
            <info compressed="false">https://raw.githubusercontent.com/kodishmediacenter/kodishcomplementos/main/pluginstreming/addons.xml</info>
            <checksum>https://raw.githubusercontent.com/kodishmediacenter/kodishcomplementos/main/pluginstreming/addons.xml.md5</checksum>
            <datadir zip="true">https://raw.githubusercontent.com/kodishmediacenter/kodishcomplementos/main/pluginstreming/install</datadir>
    </dir>
	<dir>
    <info compressed="true">https://raw.github.com/aresrepo/aresrepo.github.io/master/addons.xml</info>
    <checksum>https://raw.github.com/aresrepo/aresrepo.github.io/master/addons.xml.md5</checksum>
    <datadir zip="true">https://raw.github.com/aresrepo/aresrepo.github.io/master</datadir>
    <hashes>false</hashes>
	</dir>  
	<dir minversion="19.9.9">
      <info compressed="true">https://raw.github.com/aresrepo/aresrepo.github.io/master/nexus/addons.xml</info>
      <checksum>https://raw.github.com/aresrepo/aresrepo.github.io/master/nexus/addons.xml.md5</checksum>
      <datadir zip="true">https://raw.github.com/aresrepo/aresrepo.github.io/master/nexus</datadir>
      <hashes>false</hashes>
	</dir>   
	<dir minversion="19.0.0">
      <info compressed="true">https://raw.github.com/aresrepo/aresrepo.github.io/master/matrix/addons.xml</info>
      <checksum>https://raw.github.com/aresrepo/aresrepo.github.io/master/matrix/addons.xml.md5</checksum>
      <datadir zip="true">https://raw.github.com/aresrepo/aresrepo.github.io/master/matrix</datadir>
      <hashes>false</hashes>
	</dir>    
	</extension>
	
	
	<extension point="xbmc.addon.metadata">
		<summary lang="en">Super Servidor Brasileiro</summary>
		<description lang="en">Reunimos os Melhores ou Não no super servidor Brasileiro</description>
		<disclaimer>Só jack</disclaimer>
		<platform>all</platform>
        <assets>
            <icon>icon.png</icon>
            <fanart>fanart.jpg</fanart>
        </assets>
	</extension>
</addon>