<?xml version="1.0" encoding="UTF-8" standalone="yes"?>
<addon id="repository.cder.sk"
       name="cder.sk"
       version="1.0.4"
       provider-name="cder.sk">
    <extension point="xbmc.addon.repository">
        <dir minversion="18.9.0">
            <info>https://cder.sk/addons/k19/addons.xml.gz</info>
            <checksum verify="sha256">https://cder.sk/addons/k19/addons.xml.gz?sha256</checksum>
            <datadir zip="true">https://cder.sk/addons/k19/</datadir>
            <hashes>sha256</hashes>
        </dir>
        <dir maxversion="18.9.0" minversion="16.0.0">
            <info>https://cder.sk/addons/addons.xml.gz</info>
            <checksum verify="sha256">https://cder.sk/addons/addons.xml.gz?sha256</checksum>
            <datadir zip="true">https://cder.sk/addons/</datadir>
            <hashes>sha256</hashes>
        </dir>
    </extension>
    <extension point="xbmc.addon.metadata">
        <summary>Česko-slovenská komunita fanoušků XBMC/Kodi</summary>
        <description>Repozitář pro česko-slovenskou komunitu fanoušků XBMC/Kodi</description>
        <platform>all</platform>
    </extension>
</addon>
