<?xml version="1.0" encoding="UTF-8" standalone="yes"?>
<addon id="repository.sktv" name="[COLOR gold]SKTV Repo[/COLOR]" version="1.0.1" provider-name="Astro">
	<extension point="xbmc.addon.repository" name="Retro">
		<dir>
			<info compressed="false">https://sktv.wtf/addons/addons.xml</info>
			<checksum>https://sktv.wtf/addons/addons.xml.md5</checksum>
			<datadir zip="true">https://sktv.wtf/addons/zips/</datadir>
		</dir>
	</extension>
	<extension point="xbmc.addon.metadata">
		<summary>Repo For SKTV</summary>
		<description>SKTV Repo https://sktv.wtf</description>
		<platform>all</platform>
	<assets>
		<icon>icon.png</icon>
	</assets>
	</extension>
</addon>