<?xml version="1.0" encoding="UTF-8"?>
    <addon id="repository.NarcacistWizard" name="Narcacist&apos;s Wizard Repository --&gt; Lost Soul Repository" version="1.2.0a" provider-name="(Narcacist) Team Asgard">
        <extension point="xbmc.addon.repository" name="Narcacist's Wizard Repository">
		<dir>
            <info compressed="false">https://mylostsoulspace.co.uk/_repo/addons.xml</info>
            <checksum>https://mylostsoulspace.co.uk/_repo/addons.xml.md5</checksum>
            <datadir zip="true">https://mylostsoulspace.co.uk/_repo/</datadir>
		</dir>	
			
		<dir>
        <info compressed="false">https://raw.githubusercontent.com/Gujal00/smrzips/master/addons.xml</info>
        <checksum>https://raw.githubusercontent.com/Gujal00/smrzips/master/addons.xml.md5</checksum>
        <datadir zip="true">https://raw.githubusercontent.com/Gujal00/smrzips/master/zips/</datadir>
        </dir>
	
		<dir>
			<info compressed="false">https://raw.githubusercontent.com/totalrevolution/python-koding/master/zips/addons.xml</info>
			<checksum>https://raw.githubusercontent.com/totalrevolution/python-koding/master/zips/addons.xml.md5</checksum>
			<datadir zip="true">https://raw.githubusercontent.com/totalrevolution/python-koding/master/zips/</datadir>
		</dir>
		
        </extension>
        <extension point="xbmc.addon.metadata">
            <summary>Install all the latest Builds</summary>
            <description>Welcome to the New and Improved Team Asgard Repo</description>
            <platform>all</platform>
			<assets>
            <icon>icon.png</icon>
            <fanart>fanart.jpg</fanart>    
    </assets>
    </extension>
</addon>