<?xml version="1.0" encoding="UTF-8"?>
    <addon id="repository.t4krepo" name="[COLOR blue][B] T4K[/B][/COLOR] Repository" version="1.2.5a" provider-name="silevasile">
        <requires>
            <import addon="xbmc.addon" version="12.0.0"/>
        </requires>
	<extension point="xbmc.addon.repository" name="[COLOR blue][B] T4K[/B][/COLOR] Repository">
			<dir>
				<info compressed="false">https://github.com/silevasile/t4k-repo/raw/master/_repo/addons.xml</info>
				<checksum>https://github.com/silevasile/t4k-repo/raw/master/_repo/addons.xml.md5</checksum>
				<datadir zip="true">https://github.com/silevasile/t4k-repo/raw/master/_repo/</datadir>
			</dir>
	</extension>
        <extension point="xbmc.addon.metadata">
            <summary>T4K Repository</summary>
            <description>Repo-ul lui silevasile !!</description>
            <platform>all</platform>
    </extension>
</addon>