﻿<?xml version="1.0" encoding="UTF-8" standalone="yes"?>
<addon id="repository.lunatixz" name="Lunatixz Beta Repository (Master)" version="1.1.3" provider-name="Lunatixz">
    <extension point="xbmc.addon.repository" name="Lunatixz Master Beta Repository">
        <dir>
            <info compressed="false">https://raw.githubusercontent.com/Lunatixz/KODI_Addons/master/addons.xml</info>
            <checksum>https://raw.githubusercontent.com/Lunatixz/KODI_Addons/master/addons.xml.md5</checksum>
            <datadir zip="true">https://raw.githubusercontent.com/Lunatixz/KODI_Addons/master/zips/</datadir>
        </dir>
        <dir>
            <info compressed="false">https://raw.githubusercontent.com/PseudoTV/PseudoTV_Live/master/addons.xml</info>
            <checksum>https://raw.githubusercontent.com/PseudoTV/PseudoTV_Live/master/addons.xml.md5</checksum>
            <datadir zip="true">https://raw.githubusercontent.com/PseudoTV/PseudoTV_Live/master/zips/</datadir>
        </dir>
        <dir>
            <info compressed="false">https://raw.githubusercontent.com/PseudoTV/PseudoTV_Resources/master/addons.xml</info>
            <checksum>https://raw.githubusercontent.com/PseudoTV/PseudoTV_Resources/master/addons.xml.md5</checksum>
            <datadir zip="true">https://raw.githubusercontent.com/PseudoTV/PseudoTV_Resources/master/zips/</datadir>
        </dir>
    </extension>
    <extension point="xbmc.addon.metadata">
        <summary lang="en_GB">Master Branch Repository</summary>
        <description lang="en_GB">Master Branch Repository</description>
        <platform>all</platform>
        <source>https://github.com/Lunatixz/KODI_Addons</source>
        <assets>
            <icon>icon.png</icon>
        </assets>
    </extension>
</addon>