<?xml version="1.0" encoding="UTF-8" standalone="yes"?>
<addon id="repository.2026" name="Terrys 2026 repo" version="1.0" provider-name="Terry Tibbs">
    <extension point="xbmc.addon.repository" name="Terrys 2026 Repository">
        <dir>
            <info compressed="false">https://githubraw.com/terrytibbs2023/build/main/repo2026/zips/addons.xml</info>
          

<checksum>https://githubraw.com/terrytibbs2023/build/main/repo2026/zips/addons.xml.md5</checksum>
            <datadir zip="true">https://githubraw.com/terrytibbs2023/build/main/repo2026/zips/</datadir>
        </dir>


    </extension>
    <extension point="xbmc.addon.metadata">
        <summary>Terry Tibbs Repo</summary>
        <description></description>
        <disclaimer></disclaimer>
        <platform>all</platform>
        <assets>
            <icon>icon.png</icon>
            <fanart>fanart.jpg</fanart>
        </assets>
    </extension>
</addon>
