<?xml version="1.0" encoding="UTF-8" standalone="yes"?>
<addon id="plugin.video.theanonymous.matrix" name="[B][COLOR dodgerblue]TheAnonymous [/COLOR][COLOR red]Matrix [/B][/COLOR]" version="2.6" provider-name="[B][COLOR dodgerblue]TheAnonymous [/COLOR][COLOR red]Matrix [/B][/COLOR]"> 
<requires>
    <import addon="script.module.requests"/>
    <import addon="script.module.simplejson"/>
	<import addon="script.module.six"/>
    <import addon="script.module.kodi-six"/>
  </requires> 
<extension point="xbmc.python.pluginsource" library="default.py">
	<provides>video</provides>
</extension> 
 <extension point="xbmc.addon.repository" name="repository.alado.tv">	
		    <info compressed="false">https://raw.githubusercontent.com/Alado2020/repository.alado.tv/master/leia/addons.xml</info>
		    <checksum>https://raw.githubusercontent.com/Alado2020/repository.alado.tv/master/leia/addons.xml.md5</checksum>
		    <datadir zip="true">https://raw.githubusercontent.com/Alado2020/repository.alado.tv/master/leia/</datadir>
		<dir minversion="18.9.1">
			<info compressed="true">https://raw.githubusercontent.com/Alado2020/repository.alado.tv/master/matrix/addons.xml</info>
			<checksum>https://raw.githubusercontent.com/Alado2020/repository.alado.tv/master/matrix/addons.xml.md5</checksum>
			<datadir zip="true">https://raw.githubusercontent.com/Alado2020/repository.alado.tv/master/matrix/</datadir>
		</dir>
	</extension>
<extension point="xbmc.addon.metadata">
	<summary lang="en"></summary>
	<summary lang="pt">By TheAnonymous</summary>
	<description lang="en"></description>
	<description lang="pt">TheAnonymous "WE LEAD THE WAY"</description>
    <disclaimer lang="en"></disclaimer>
	<disclaimer lang="pt"></disclaimer>
    <platform>all</platform>
	<assets>
       <icon>icon.png</icon>
       <fanart>fanart.jpg</fanart>
    </assets>	
<news>TheAnonymous no Kodi Matrix plataforma Python3</news>
</extension>
</addon>