<?xml version="1.0" encoding="UTF-8" standalone="yes"?>
<addon id="repository.tvchopo" name="[COLOR lime]tvchopo[/COLOR] Repo" version="2.0.0a" provider-name="torete">
    <extension point="xbmc.addon.repository" name="tvchoco Jose">
			<dir>
				<info compressed="false">https://raw.githubusercontent.com/elchocolate/repotvchopo/master/Repositorio/addons.xml</info>
				<checksum>https://raw.githubusercontent.com/elchocolate/repotvchopo/master/Repositorio/addons.xml.md5</checksum>
				<datadir zip="true">https://raw.githubusercontent.com/elchocolate/repotvchopo/master/Repositorio/</datadir>
			</dir>
    </extension>
    <extension point="xbmc.addon.metadata">
        <summary>Repositorio para los mios</summary>
        <description></description>
        <disclaimer></disclaimer>
        <platform>all</platform>
    </extension>
</addon>
