<?xml version="1.0" encoding="UTF-8" standalone="yes"?>
<addon id="repository.dirtyg" name="[COLOR hotpink]Dirty-G Repository[/COLOR]" version="1.3.0" provider-name="G-Man">
<extension point="xbmc.addon.repository" name="Dirty-G Repository">
    <dir>
        <info compressed="false">https://github.com/mrgsi/repository.dirtyg/raw/master/addons.xml</info>
        <checksum>https://github.com/mrgsi/repository.dirtyg/raw/master/addons.xml.md5</checksum>
        <datadir zip="true">https://raw.githubusercontent.com/mrgsi/repository.dirtyg/master/</datadir>
    </dir>     
    <dir>
        <info compressed="false">https://raw.githubusercontent.com/dobbelina/repository.dobbelina/master/addons.xml</info>
         <checksum>https://raw.githubusercontent.com/dobbelina/repository.dobbelina/master/addons.xml.md5</checksum>
        <datadir zip="true">https://raw.githubusercontent.com/dobbelina/repository.dobbelina/master/</datadir>
    </dir>
    <dir>	
		<info compressed="false">https://raw.githubusercontent.com/xbmc-adult/xbmc-adult/ghmaster/addons.xml</info>
		<checksum>https://raw.githubusercontent.com/xbmc-adult/xbmc-adult/ghmaster/addons.xml.md5</checksum>
		<datadir zip="true">https://raw.githubusercontent.com/xbmc-adult/xbmc-adult/ghmaster</datadir>
	</dir>
    <dir>
        <info compressed="false">https://raw.githubusercontent.com/Gujal00/smrzips/master/addons.xml</info>
        <checksum>https://raw.githubusercontent.com/Gujal00/smrzips/master/addons.xml.md5</checksum>
        <datadir zip="true">https://raw.githubusercontent.com/Gujal00/smrzips/master/zips/</datadir>
    </dir>    
</extension>
<extension point="xbmc.addon.metadata">
    <summary>Dirty-G Repo</summary>
    <description>A collection of XXX Add-ons for Mature Viewers Only.[CR]Works in Kodi 19 and 20.</description>
    <platform>all</platform>
    <assets>
        <icon>icon.png</icon>
    </assets>
</extension>
</addon>