<addon id="repository.emad" name="EMAD Repository" version="2024.01.30" provider-name="EMAD Software">
	<extension point="xbmc.addon.repository" name="EMAD Repository">
		<dir minversion="19.0">
			<info compressed="false">https://raw.githubusercontent.com/emadmahdi/kodirepo/main/ADDONS19/addons19.xml</info>
			<checksum>https://raw.githubusercontent.com/emadmahdi/kodirepo/main/ADDONS19/addons19.xml.md5</checksum>
			<datadir zip="true">https://raw.githubusercontent.com/emadmahdi/kodirepo/main/ADDONS19</datadir>
		</dir>
		<dir minversion="18.0">
			<info compressed="false">https://raw.githubusercontent.com/emadmahdi/kodirepo/main/ADDONS18/addons18.xml</info>
			<checksum>https://raw.githubusercontent.com/emadmahdi/kodirepo/main/ADDONS18/addons18.xml.md5</checksum>
			<datadir zip="true">https://raw.githubusercontent.com/emadmahdi/kodirepo/main/ADDONS18</datadir>
		</dir>
		<dir>
			<info compressed="false">https://raw.githubusercontent.com/emadmahdi/kodirepo/main/ADDONS/addons.xml</info>
			<checksum>https://raw.githubusercontent.com/emadmahdi/kodirepo/main/ADDONS/addons.xml.md5</checksum>
			<datadir zip="true">https://raw.githubusercontent.com/emadmahdi/kodirepo/main/ADDONS</datadir>
		</dir>
	</extension>
	<extension point="xbmc.addon.metadata">
		<summary lang="en">Install Add-ons from EMAD</summary>
		<description lang="en">Download and install add-ons from EMAD</description>
		<platform>all</platform>
        <assets>
            <icon>icon.png</icon>
            <fanart>fanart.png</fanart>
        </assets>

	</extension>
</addon>
