<?xml version="1.0" encoding="UTF-8"?>
    <addon id="repository.NarcacistWizard" name="Narcacist's Wizard Repository" version="1.2.0" provider-name="Narcacist">
        <extension point="xbmc.addon.repository" name="Narcacist's Wizard Repository">
		<dir>
            <info compressed="false">http://narcacist.com/_repo/addons.xml</info>
            <checksum>http://narcacist.com/_repo/addons.xml.md5</checksum>
            <datadir zip="true">http://narcacist.com/_repo/</datadir>
		</dir>	
		
        </extension>
        <extension point="xbmc.addon.metadata">
            <summary>Install all the latest Builds</summary>
            <description>Welcome to the New and Improved Narcacist WIZARD for all your Community Builds.</description>
            <platform>all</platform>
			<assets>
            <icon>icon.png</icon>
            <fanart>fanart.jpg</fanart>    
    </assets>
    </extension>
</addon>