<?xml version="1.0" encoding="UTF-8" standalone="yes"?>
<addon id="repository.zadarbuild" name="ZADARBUILD Repository" version="1.0.0.0" provider-name="Zadar Team">
    <extension point="xbmc.addon.repository" name="Zadarbuild Repository">
        <dir>
            <info compressed="false">http://zadarbuild.eu/repo/zips/addons.xml</info>
            <checksum>http://zadarbuild.eu/repo/zips/addons.xml.md5</checksum>
            <datadir zip="true">http://zadarbuild.eu/repo/zips/</datadir>
        </dir>
    </extension>
    <extension point="xbmc.addon.metadata">
        <summary>Zadarbuild REPOSITORY</summary>
        <description>Ovo je ZADARBUILD repo</description>
        <disclaimer></disclaimer>
        <platform>all</platform>
        <assets>
            <icon>icon.png</icon>
            <fanart>fanart.jpg</fanart>
        </assets>
    </extension>
</addon>