<addon id="repository.plexkodiconnect" name="PlexKodiConnect Addons for Kodi" version="3.0.0a" provider-name="Croneter">
	<requires>
		<import addon="xbmc.addon" version="12.0.0"/>
        <import addon="xbmc.python" version="3.0.0"/>
	</requires>
	<extension point="xbmc.addon.repository" name="PlexKodiConnect Repository Kodi 20 Nexus">
		<dir>
			<info compressed="false">https://raw.githubusercontent.com/croneter/binary_repo/master/stable_py3/addons.xml</info>
			<checksum>https://raw.githubusercontent.com/croneter/binary_repo/master/stable_py3/addons.xml.md5</checksum>
			<datadir zip="true">https://raw.githubusercontent.com/croneter/binary_repo/master/stable_py3/</datadir>
		</dir>
	</extension>
	<extension point="xbmc.addon.metadata">
		<summary>PlexKodiConnect add-on repository for Kodi.</summary>
		<description>Repository for stable PlexKodiConnect versions.</description>
		<disclaimer></disclaimer>
		<platform>all</platform>
		<assets>
			<icon>icon.png</icon>
			<fanart>fanart.jpg</fanart>
		</assets>
	</extension>
</addon>
