<?xml version="1.0" encoding="UTF-8" standalone="yes"?>
<addon id="repo.bg.plugins"
		name="Bg Add-ons"
		version="1.0.2"
		provider-name="kodi.dev.one@gmail.com">
	<extension point="xbmc.addon.repository" name="Bg Add-ons">
		<!-- Kodi 19 Matrix and UP -->
		<dir minversion="18.90.0">
			<info compressed="false">https://github.com/kodi1/kodi1.github.io/raw/master/repo/addons.xml</info>
			<checksum>https://github.com/kodi1/kodi1.github.io/raw/master/repo/addons.xml.md5</checksum>
			<datadir zip="true">https://github.com/kodi1/kodi1.github.io/raw/master/repo/</datadir>
			<artdir>https://github.com/kodi1/kodi1.github.io/raw/master/repo</artdir>
		</dir>
	</extension>
	<extension point="xbmc.addon.metadata">
		<summary lang="bg_BG">БГ Репо</summary>
		<summary lang="en_US">Bg Add-on Repository</summary>
		<description lang="bg_BG">Инсталира добавки за Коди на различни разработчици</description>
		<description lang="en_US">Install plugins for KODI from diferent developers</description>
		<disclaimer lang="bg_BG">Авторите на наличните добавки в хранилището не носят отговорност за наличното през тях съдържание, както и за ефекта от инсталирането им във вашето устройство!</disclaimer>
		<disclaimer lang="en_US">Developers of the addons in this repository are not responsible for available content via their addons and effect of installing them on your device!</disclaimer>
		<platform>all</platform>
		<assets>
			<icon>resources/icon.png</icon>
		</assets>
	</extension>
</addon>
