<?xml version="1.0" encoding="UTF-8" standalone="yes"?>
<addon id="repository.Wherethemonsterslive" name="Where The Monsters Live Repository" version="1.10" provider-name="Wolfey B">
	<extension point="xbmc.addon.repository" name="Where The Monsters Live Repository">
    <dir>
      <info compressed="false">https://raw.githubusercontent.com/Gujal00/smrzips/master/addons.xml</info>
      <checksum>https://raw.githubusercontent.com/Gujal00/smrzips/master/addons.xml.md5</checksum>
      <datadir zip="true">https://raw.githubusercontent.com/Gujal00/smrzips/master/zips/</datadir>
    </dir>
	<dir minversion="16.0.0" maxversion="18.9.9">
		<info compressed="false">http://www.midian.appboxes.co/wolfyB/files/addons.xml</info>
		<checksum>http://www.midian.appboxes.co/wolfyB/files/addons.xml.md5</checksum>
		<datadir zip="true">http://www.midian.appboxes.co/wolfyB/files/</datadir>
	</dir>
	<dir minversion="18.9.9">
		<info compressed="false">http://www.midian.appboxes.co/wolfyB/files/addons.xml</info>
		<checksum>http://www.midian.appboxes.co/wolfyB/files/addons.xml.md5</checksum>
		<datadir zip="true">http://www.midian.appboxes.co/wolfyB/files/</datadir>
	</dir>
	<dir>
		<info compressed="false">http://www.midian.appboxes.co/wolfyB/files/addons.xml</info>
		<checksum>http://www.midian.appboxes.co/wolfyB/files/addons.xml.md5</checksum>
		<datadir zip="true">http://www.midian.appboxes.co/wolfyB/files/</datadir>
	</dir>

 <dir>
    <info compressed="false">https://raw.githubusercontent.com/teamuniversal/scrapers/master/_modules4all/zips/addons.xml</info>
                <checksum>https://raw.githubusercontent.com/teamuniversal/scrapers/master/_modules4all/zips/addons.xml.md5</checksum>
    <datadir zip="true">https://raw.githubusercontent.com/teamuniversal/scrapers/master/_modules4all/zips/</datadir>
  </dir>
	</extension>
	<extension point="xbmc.addon.metadata">
		<summary></summary>
		<description></description>
    <platform>all</platform>
    <description lang="en_GB">Where The Monsters Live</description>
    <license></license>
    <language></language>
    <website></website>
    <news></news>
    <assets>
      <icon>icon.png</icon>
      <fanart></fanart>
    </assets> 
  </extension>
</addon>

