<?xml version="1.0" encoding="UTF-8" standalone="yes"?>
<addon id="repo.atlantis" name="REPO ATLANTIS" version="0.0.1" provider-name="Joel">
    <extension point="xbmc.addon.repository" name="REPO ATLANTIS">
		<dir>
    		<info compressed="false">https://github.com/Gujal00/smrzips/raw/master/addons.xml</info>
    		<checksum>https://github.com/Gujal00/smrzips/raw/master/addons.xml.md5</checksum>
    		<datadir zip="true">https://github.com/Gujal00/smrzips/raw/master/zips</datadir>
			<hashes>false</hashes>
		</dir>
  		<dir minversion="17.0.0" maxversion="18.9.0">
			<info compressed="false">https://gitea.com/joel00/brkodirepo/raw/branch/main/leia/addons.xml</info>
			<checksum>https://gitea.com/joel00/brkodirepo/raw/branch/main/leia/addons.xml.md5</checksum>
			<datadir zip="true">https://gitea.com/joel00/brkodirepo/raw/branch/main/leia</datadir>
			<hashes>false</hashes>
    	</dir>		
  		<dir minversion="19.0.0">
			<info compressed="false">https://gitea.com/joel00/brkodirepo/raw/branch/main/nexus/addons.xml</info>
			<checksum>https://gitea.com/joel00/brkodirepo/raw/branch/main/nexus/addons.xml.md5</checksum>
			<datadir zip="true">https://gitea.com/joel00/brkodirepo/raw/branch/main/nexus</datadir>
			<hashes>false</hashes>
    	</dir>        
    </extension>
    <extension point="xbmc.addon.metadata">
        <summary>Atlantis repo</summary>
        <description>Atlantis repo</description>
        <platform>all</platform>
        <assets>
            <icon>icon.png</icon>
            <fanart>icon.png</fanart>
        </assets>
    </extension>
</addon>