<?xml version="1.0" encoding="UTF-8" standalone="yes"?>
<addon id="repository.encryptic" name="EnCryptic Repository" provider-name="Bones" version="1.1.34">
  <extension point="xbmc.addon.repository" name="EnCryptic Repository">
    <dir>
      <info compressed="false">https://raw.githubusercontent.com/Gujal00/smrzips/master/addons.xml</info>
      <checksum>https://raw.githubusercontent.com/Gujal00/smrzips/master/addons.xml.md5</checksum>
      <datadir zip="true">https://raw.githubusercontent.com/Gujal00/smrzips/master/zips/</datadir>
    </dir>
	<dir>
      <info compressed="false">https://repo.encrypticmh.appboxes.co/adds/zips/addons.xml</info>
      <checksum>https://repo.encrypticmh.appboxes.co/adds/zips/addons.xml.md5</checksum>
      <datadir zip="true">https://repo.encrypticmh.appboxes.co/adds/zips/</datadir>
	</dir>
	<dir minversion="16.0.0" maxversion="18.9.9">
		<info compressed="false">https://www.madhouse.appboxes.co/leia/zips/addons.xml</info>
		<checksum>https://www.madhouse.appboxes.co/leia/zips/addons.xml.md5</checksum>
		<datadir zip="true">https://www.madhouse.appboxes.co/leia/zips/</datadir>
	</dir>
	<dir minversion="18.9.9">
		<info compressed="false">https://www.madhouse.appboxes.co/matrix/zips/addons.xml</info>
		<checksum>https://www.madhouse.appboxes.co/matrix/zips/addons.xml.md5</checksum>
		<datadir zip="true">https://www.madhouse.appboxes.co/matrix/zips/</datadir>
	</dir>
  </extension>
  <extension point="xbmc.addon.metadata">
    <platform>all</platform>
    <description lang="en_GB">… You can't kill me 'cause I'm already inside you…</description>
    <license></license>
    <language></language>
    <website></website>
    <news></news>
    <assets>
      <icon>icon.png</icon>
      <fanart>fanart.jpg</fanart>
    </assets> 
  </extension>
</addon>