<?xml version="1.0" encoding="UTF-8" standalone="yes"?>
<addon id="script.module.parrot" name="Parrot Utils" version="1.2.6" provider-name="Parrot Developers">
  <requires>		
    <import addon="script.module.requests"/>
  </requires>
  <extension point="xbmc.python.module" library="lib" />
  <extension point="xbmc.addon.metadata">
    <summary>Utilities for Parrot addons.</summary>
    <description>Utilities for Parrot addons.</description>
    <platform>all</platform>
    <assets>
      <icon>icon.png</icon>
    </assets>
  </extension>
</addon>
