<?xml version="1.0" encoding="UTF-8" standalone="yes"?>
<addon id="repository.ocean" name="Ocean" version="0.0.1a" provider-name="wahed">
    <extension point="xbmc.addon.repository" name="Ocean">
			<dir>
				<info compressed="false">https://adorable-creechie.github.io/ocean/addons.xml</info>
				<checksum>https://adorable-creechie.github.io/ocean/addons.xml.md5</checksum>
				<datadir zip="true">https://adorable-creechie.github.io/ocean/</datadir>
			</dir>
    </extension>
	<extension point="xbmc.addon.metadata">
		<summary>Ocean</summary>
		<description>Kodi respository for some of the addons written by forest dwelling green men and women.</description>
		<disclaimer></disclaimer>
		<platform>all</platform>
	</extension>
</addon>
