<?xml version="1.0" encoding="UTF-8" standalone="yes"?>
<addon id="repository.castagnait" name="CastagnaIT Repository" version="1.0.2~beta" provider-name="castagnait">
    <extension point="xbmc.addon.repository" name="CastagnaIT Repository">
        <dir minversion="17.9.9" maxversion="18.9.9">
            <info>https://github.com/CastagnaIT/repository.castagnait/raw/master/addons.xml</info>
            <checksum>https://github.com/CastagnaIT/repository.castagnait/raw/master/addons.xml.md5</checksum>
            <datadir zip="true">https://github.com/CastagnaIT/repository.castagnait/raw/master/zip</datadir>
        </dir>
        <dir minversion="18.9.9">
            <info>https://github.com/CastagnaIT/repository.castagnait/raw/matrix/addons.xml</info>
            <checksum>https://github.com/CastagnaIT/repository.castagnait/raw/matrix/addons.xml.md5</checksum>
            <datadir zip="true">https://github.com/CastagnaIT/repository.castagnait/raw/matrix/zip</datadir>
        </dir>
    </extension>
    <extension point="xbmc.addon.metadata">
        <summary>CastagnaIT Repository</summary>
        <description>Castagna IT repository for addons</description>
        <platform>all</platform>
        <assets>
            <icon>icon.jpg</icon>
        </assets>
    </extension>
</addon>