<?xml version="1.0" encoding="UTF-8" standalone="yes"?>
<addon id="repository.hsk.forever" name="[COLOR blue]HSK FOREVER[/COLOR]" version="1.0.5" provider-name="Loki1979|HSK-DE">
	<extension point="xbmc.addon.repository" name="HSK FOREVER">
		<dir>
			<info compressed="false">https://hsk.kodiman.net/hsk/hsk_repos/hsk.crew.nexus.matrix.forever.repo/addons.xml</info>
			<checksum>https://hsk.kodiman.net/hsk/hsk_repos/hsk.crew.nexus.matrix.forever.repo/addons.xml.md5</checksum>
			<datadir zip="true">https://hsk.kodiman.net/hsk/hsk_repos/hsk.crew.nexus.matrix.forever.repo</datadir>
			<hashes>false</hashes>
		</dir>
		<dir minversion="19.0.0"  maxversion="21.9.0">
			<info compressed="false">https://hsk.kodiman.net/hsk/hsk_repos/hsk.crew.nexus.matrix.forever.repo/addons.xml</info>
			<checksum>https://hsk.kodiman.net/hsk/hsk_repos/hsk.crew.nexus.matrix.forever.repo/addons.xml.md5</checksum>
			<datadir zip="true">https://hsk.kodiman.net/hsk/hsk_repos/hsk.crew.nexus.matrix.forever.repo</datadir>
			<hashes>false</hashes>
		</dir>
		<dir minversion="20.9.9"  maxversion="21.9.0">
			<info compressed="false">https://hsk.kodiman.net/hsk/hsk_repos/hsk.crew.nexus.matrix.forever.repo/addons.xml</info>
			<checksum>https://hsk.kodiman.net/hsk/hsk_repos/hsk.crew.nexus.matrix.forever.repo/addons.xml.md5</checksum>
			<datadir zip="true">https://hsk.kodiman.net/hsk/hsk_repos/hsk.crew.nexus.matrix.forever.repo</datadir>
			<hashes>false</hashes>
		</dir>
	</extension>
    <extension point="xbmc.addon.metadata">
	<summary>Besucht uns auf Facebook oder auf Telegram</summary>
	<description>
https://www.facebook.com/groups/hskde
https://t.me/kodimansgroup</description>
	<disclaimer></disclaimer>
	<language></language>
	<platform>all</platform>
	<license></license>
	<forum></forum>
	<website></website>
	<email></email>
	<source></source>
	<news></news>
    <assets>
		<icon>resources/icon.png</icon>
		<fanart>resources/fanart.jpg</fanart>
		<banner></banner>
		<clearlogo></clearlogo>
		<screenshot></screenshot>
	</assets>
	</extension>
</addon>