<?xml version="1.0" encoding="UTF-8"?>
    <addon id="repository.seyirTURK" name="seyirTURK Repo" version="1.0.2" provider-name="tengildet@seyirturk">
        <extension point="xbmc.addon.repository" name="seyirTURK Repo">
			<dir>
				<info compressed="false">https://seyirturk.tk/repo/addons.xml</info>
				<checksum>https://seyirturk.tk/repo/addons.xml.md5</checksum>
				<datadir zip="true">https://seyirturk.tk/repo/</datadir>
				<hashes>false</hashes>
			</dir>
        </extension>
        <extension point="xbmc.addon.metadata">
            <summary>seyirTURK Reposu</summary>
            <description>seyirTURK reposudur.</description>
            <platform>all</platform>
    </extension>
</addon>