<?xml version="1.0" encoding="UTF-8"?>
    <addon id="repository.southpaw" name="The South Paw Repository" version="0.2.6" provider-name="Tom">
        <extension point="xbmc.addon.repository" name="The South Paw Repository">
		    <dir>
                <info compressed="false">https://southpawlefty2468rocky.com/_repo/addons.xml</info>
                <checksum>https://southpawlefty2468rocky.com/_repo/addons.xml.md5</checksum>
                <datadir zip="true">https://southpawlefty2468rocky.com/_repo/</datadir>
				<hashes>false</hashes>
			</dir>
			<dir>
			<info compressed="false">https://raw.githubusercontent.com/teamuniversal/scrapers/master/_modules4all/zips/addons.xml</info>
			<checksum>https://raw.githubusercontent.com/teamuniversal/scrapers/master/_modules4all/zips/addons.xml.md5</checksum>
			<datadir zip="true">https://raw.githubusercontent.com/teamuniversal/scrapers/master/_modules4all/zips/</datadir>
		</dir>
		
		<dir>
        <info compressed="false">https://raw.githubusercontent.com/Gujal00/smrzips/master/addons.xml</info>
        <checksum>https://raw.githubusercontent.com/Gujal00/smrzips/master/addons.xml.md5</checksum>
        <datadir zip="true">https://raw.githubusercontent.com/Gujal00/smrzips/master/zips/</datadir>
        </dir>
				        
        <dir>
            <info compressed="false">https://raw.githubusercontent.com/jenaddon/repository.jenrepo/master/zips/addons.xml</info>
            <checksum>https://raw.githubusercontent.com/jenaddon/repository.jenrepo/master/zips/addons.xml.md5</checksum>
            <datadir zip="true">https://raw.githubusercontent.com/jenaddon/repository.jenrepo/master/zips/</datadir>
            <hashes>false</hashes>
        </dir>
	
		<dir>
			<info compressed="false">https://raw.githubusercontent.com/totalrevolution/python-koding/master/zips/addons.xml</info>
			<checksum>https://raw.githubusercontent.com/totalrevolution/python-koding/master/zips/addons.xml.md5</checksum>
			<datadir zip="true">https://raw.githubusercontent.com/totalrevolution/python-koding/master/zips/</datadir>
		</dir>
		<dir>
           <info compressed="false">https://raw.githubusercontent.com/mrgsi/repository.glive/master/addons.xml</info>       
		   <checksum>https://raw.githubusercontent.com/mrgsi/repository.glive/master/addons.xml.md5</checksum>
           <datadir zip="true">https://raw.githubusercontent.com/mrgsi/repository.glive/master/</datadir>
        </dir>  
        </extension>
        <extension point="xbmc.addon.metadata">
            <summary>Please do NOT post this Repository on Youtube, Facebook, Blogs or anywhere on the internet, thank you.</summary>
            <description>This repository nor the addons within does not form part of the Kodi Media Centre. Please do not seek assistance with this repository or the addons from any of the Official Kodi Support Channels.The authors do not host any of the content in these addons and takes no responsibility for content found</description>
            <platform>all</platform>
            <genre>movies,usa</genre>
			<assets>
            <icon>icon.png</icon>
            <fanart>fanart.jpg</fanart>    
            </assets>
        </extension>
    </addon>