<?xml version="1.0" encoding="UTF-8" standalone="yes"?>
<addon id="repository.cartoonking" name="[COLOR orange]Cartoon King Repository[/COLOR]" version="1.0.0" provider-name="G-Man">
<extension point="xbmc.addon.repository" name="Cartoon King Repository">
    <dir>
        <info compressed="false">https://github.com/mrgsi/repository.cartoonking/addons.xml</info>
        <checksum>https://github.com/mrgsi/repository.cartoonking/addons.xml.md5</checksum>
        <datadir zip="true">https://raw.githubusercontent.com/mrgsi/repository.cartoonking/master/</datadir>
    </dir> 
    <dir>
        <info compressed="false">https://github.com/mrgsi/repository.wnt2/raw/master/addons.xml</info>
        <checksum>https://github.com/mrgsi/repository.wnt2/raw/master/addons.xml.md5</checksum>
        <datadir zip="true">https://raw.githubusercontent.com/mrgsi/repository.wnt2/master/</datadir>
    </dir> 
    <dir>
        <info compressed="false">https://github.com/mrgsi/repository.alpha.yt/raw/master/addons.xml</info>
        <checksum>https://github.com/mrgsi/repository.alpha.yt/raw/master/addons.xml.md5</checksum>
        <datadir zip="true">https://raw.githubusercontent.com/mrgsi/repository.alpha.yt/master/</datadir>
    </dir>  
	<dir>
		<info compressed="false">https://raw.githubusercontent.com/Gujal00/smrzips/master/addons.xml</info>
		<checksum>https://raw.githubusercontent.com/Gujal00/smrzips/master/addons.xml.md5</checksum>
		<datadir zip="true">https://raw.githubusercontent.com/Gujal00/smrzips/master/zips/</datadir>
    </dir>
</extension>
<extension point="xbmc.addon.metadata">
    <platform>all</platform>
    <summary>Cartoons and Anime</summary>
    <description>For Kids and Adults who love watching Animated content</description>
    <assets>
        <icon>icon.png</icon>
    </assets>
</extension>
</addon>