<?xml version='1.0' encoding='utf-8'?>
<addon id="repository.zeltorix" name="ZelToRiX Add-on repository" version="0.0.35" provider-name="ZelToRiX">
    <extension point="xbmc.addon.repository" name="ZelToRiX Add-on repository">
        <dir minversion="19.0.0">
            <info compressed="false">
                https://raw.githubusercontent.com/Zeltorix/kodi/main/repository/release/addons.xml
            </info>
            <checksum>https://raw.githubusercontent.com/Zeltorix/kodi/main/repository/release/addons.xml.md5</checksum>
            <datadir zip="true">https://github.com/Zeltorix/kodi/raw/main/repository/release/</datadir>
        </dir>
        <dir minversion="20.0.0">
            <info compressed="false">
                https://raw.githubusercontent.com/Zeltorix/kodi/main/repository/release/addons.xml
            </info>
            <checksum>https://raw.githubusercontent.com/Zeltorix/kodi/main/repository/release/addons.xml.md5</checksum>
            <datadir zip="true">https://github.com/Zeltorix/kodi/raw/main/repository/release/</datadir>
        </dir>
        <dir minversion="21.0.0">
            <info compressed="false">
                https://raw.githubusercontent.com/Zeltorix/kodi/main/repository/release/addons.xml
            </info>
            <checksum>https://raw.githubusercontent.com/Zeltorix/kodi/main/repository/release/addons.xml.md5</checksum>
            <datadir zip="true">https://github.com/Zeltorix/kodi/raw/main/repository/release/</datadir>
        </dir>
    </extension>
    <extension point="xbmc.addon.metadata">
        <summary lang="en">Install Add-ons from ZelToRiX repository</summary>
        <summary lang="ru">Установить дополнения от ZelToRiX</summary>
        <description lang="en">Download and install add-ons from the ZelToRiX add-on repository</description>
        <description lang="ru">Репозитории дополнений для разных проектов.</description>
        <source>https://github.com/Zeltorix/kodi/raw/main/source/release/repository</source>
        <platform>all</platform>
        <news>
            v0.0.30 (2023-05-13)
            [fix] Исправлен адрес для обновления, теперь согласно регистру символов
            ...
            v0.0.1 (2023-01-27)
            [new] Создание репозитории для Kodi 19
            [fix] ...
        </news>
        <platform>all</platform>
        <assets>
            <icon>icon.jpg</icon>
        </assets>
    </extension>
</addon>