<?xml version="1.0" encoding="UTF-8" standalone="yes"?>
<addon id="repository.theblackghost" name="The Black Ghost Repo" version="0.0.2a" provider-name="BlackGhost">
	<extension point="xbmc.addon.repository" name="theblackghost">
			<dir>
				<info compressed="false">https://raw.githubusercontent.com/blackghostaddon/repo/master/addons.xml</info>
				<checksum>https://raw.githubusercontent.com/blackghostaddon/repo/master/addons.xml.md5</checksum>
				<datadir zip="true">https://raw.githubusercontent.com/blackghostaddon/repo/master/</datadir>
			</dir>
	</extension>
    <extension point="xbmc.addon.metadata">
        <summary>Black all Black Ghost</summary>
        <description></description>
        <disclaimer></disclaimer>
        <platform>all</platform>
    </extension>
</addon>

