<?xml version="1.0" encoding="UTF-8" standalone="yes"?>
<addon id="repository.seizu" name="seizu Repo" version="1.7.2" provider-name="seizu">
	<extension point="xbmc.addon.repository" name="seizu Repository">
		<dir>
			<info compressed="false">https://raw.github.com/seizu/seizuRepo/master/addons.xml</info>
			<checksum>https://raw.github.com/seizu/seizuRepo/master/addons.xml.md5</checksum>
			<datadir zip="true">https://raw.github.com/seizu/seizuRepo/master/</datadir>
		</dir>
        <dir minversion="18.9.701"
             maxversion="19.9.700">
            <info compressed="false">https://raw.githubusercontent.com/streamxstream/xStreamRepo/master/matrix/addons.xml</info>
            <checksum>https://raw.githubusercontent.com/streamxstream/xStreamRepo/master/matrix/addons.xml.md5</checksum>
            <datadir zip="true">https://raw.githubusercontent.com/streamxstream/xStreamRepo/master/matrix/</datadir>
        </dir>
        <dir minversion="19.9.701"
             maxversion="20.9.700">
            <info compressed="false">https://raw.githubusercontent.com/streamxstream/xStreamRepo/master/nexus/addons.xml</info>
            <checksum>https://raw.githubusercontent.com/streamxstream/xStreamRepo/master/nexus/addons.xml.md5</checksum>
            <datadir zip="true">https://raw.githubusercontent.com/streamxstream/xStreamRepo/master/nexus/</datadir>
        </dir>
		    <dir minversion="20.9.910"
		     maxversion="21.9.700">
            <info compressed="false">https://raw.githubusercontent.com/streamxstream/xStreamRepo/master/omega/addons.xml</info>
            <checksum>https://raw.githubusercontent.com/streamxstream/xStreamRepo/master/omega/addons.xml.md5</checksum>
            <datadir zip="true">https://raw.githubusercontent.com/streamxstream/xStreamRepo/master/omega/</datadir>
        </dir>
        <dir>
            <info compressed="false">https://raw.githubusercontent.com/Gujal00/smrzips/master/addons.xml</info>
            <checksum>https://raw.githubusercontent.com/Gujal00/smrzips/master/addons.xml.md5</checksum>
            <datadir zip="true">https://raw.githubusercontent.com/Gujal00/smrzips/master/zips/</datadir>
        </dir>	
	</extension>
	<extension point="xbmc.addon.metadata">
		<platform>all</platform>
		<description lang="en">seizuRepo (tm)</description>
		<website>https://seizu.github.io/seizuRepo</website>
		<assets>
			<icon>icon.png</icon>
		</assets> 			
	</extension>
</addon>