<?xml version="1.0" encoding="UTF-8" standalone="yes"?>
<addon id="repository.rdplayer" name="RD Player Repo" version="1.0.1" provider-name="Diamond Build">
    <extension point="xbmc.addon.repository" name="RD Player Repo">
        <dir>
            <info>https://uck.st/rdprepo/addons.xml</info>
            <checksum>https://uck.st/rdprepo/addons.xml.md5</checksum>
            <datadir zip="true">https://uck.st/rdprepo</datadir>
        </dir>
        <dir>
            <info compressed="false">https://raw.githubusercontent.com/Gujal00/smrzips/master/addons.xml</info>
            <checksum>https://raw.githubusercontent.com/Gujal00/smrzips/master/addons.xml.md5</checksum>
            <datadir zip="true">https://raw.githubusercontent.com/Gujal00/smrzips/master/zips/</datadir>
        </dir>   				        
    </extension>
    <extension point="xbmc.addon.metadata">
        <summary>Kodi add-ons repository</summary>
        <description>Auto-generated by Kodi’s Little Helper</description>
        <platform>all</platform>
        <assets>
            <icon>icon.png</icon>
            <fanart>fanart.jpg</fanart> 
        </assets>
    </extension>
</addon>
