<?xml version="1.0" encoding="UTF-8"?>
<addon id="repository.smd" name="[COLORlime][I]Smd Repo[/I][/COLOR]" version="1.0.2" provider-name="">
<extension point="xbmc.addon.repository" name="[COLORyellow]Smd Repo[/COLOR]">
		<dir>
			<info compressed="false">https://raw.githubusercontent.com/smdrepo101/repo/master/addons.xml</info>
			<checksum>https://raw.githubusercontent.com/smdrepo101/repo/master/addons.xml.md5</checksum>
			<datadir zip="false">https://raw.githubusercontent.com/smdrepo101/repo/master/plugins/</datadir>
		</dir>

		<dir>
		    <info compressed="false">https://raw.githubusercontent.com/Gujal00/smrzips/master/addons.xml</info>
		    <checksum>https://raw.githubusercontent.com/Gujal00/smrzips/master/addons.xml.md5</checksum>
		    <datadir zip="true">https://raw.githubusercontent.com/Gujal00/smrzips/master/zips/</datadir>
		</dir>
	</extension>
	<extension point="xbmc.addon.metadata">
		<summary>SMD Repo</summary>
		<description>SMD Repo for add-on and dependencies</description>
		<platform>all</platform>
		<assets>
			<icon>icon.png</icon>
			<fanart>fanart.jpg</fanart>
        </assets>
	</extension>
</addon>
